{"cameraMode":{"drawMode":0,"name":"Shaded","section":"Shading Mode"},"sceneLighting":false,"audioPlay":false,"sceneViewState":{"m_AlwaysRefresh":false,"showFog":true,"showSkybox":true,"showFlares":true,"showImageEffects":true,"showParticleSystems":true,"showVisualEffectGraphs":true,"m_FxEnabled":true},"in2DMode":false,"pivot":{"x":394.1884460449219,"y":-12.086043357849121,"z":379.8816223144531},"rotation":{"x":-0.23826242983341218,"y":-0.016027089208364488,"z":0.003932297229766846,"w":-0.9710617661476135},"size":380.3742980957031,"orthographic":false}