{"cameraMode":{"drawMode":0,"name":"Shaded","section":"Shading Mode"},"sceneLighting":false,"audioPlay":false,"sceneViewState":{"m_AlwaysRefresh":false,"showFog":true,"showSkybox":true,"showFlares":true,"showImageEffects":true,"showParticleSystems":true,"showVisualEffectGraphs":true,"m_FxEnabled":true},"in2DMode":false,"pivot":{"x":312.6766052246094,"y":56.441680908203128,"z":475.0465087890625},"rotation":{"x":-0.12329412996768952,"y":0.004462548531591892,"z":-0.000554565223865211,"w":-0.9923628568649292},"size":549.934814453125,"orthographic":false}